id,value,target,status
R1,"Model: van 10.0 uT, high-chassis truck 7.7 uT, small car at slot end 10.5 uT, next lane 0.46 uT against a 3 uT threshold",97 % of slot states correct over a day,At risk (not verifiable at TRL 3)
R2,"typical 17.7 s; worst 38.6 s at SF9, 59.2 s at SF10; over 60 s at SF11 and SF12",60 s or less,Met on paper (SF10 or faster)
R3,"7.7 years at SF9 (9.6 at SF7, 2.8 at SF12) with 40 % derating",5 years or more at 100 changes a day plus hourly heartbeats,Met on paper
R4,"SF9 margin at 1 km with a van over: -6.0 dB NLOS, 2.6 dB LOS; NLOS range 353 m with 10 dB fade margin",1 km in a street canyon with a van parked over the puck,Not met
R5,"7.7 s/day at SF7, 14.0 at SF8, 25.5 at SF9, 51.0 at SF10, 183.9 at SF12 (124 uplinks)",30 s/day or less,At risk (met at SF7 to SF9; not met at SF10 to SF12)
R6,"crown 7.4 MPa static, factor 5.4 on PU and 2.0 on potting; bond shear 1.51 MPa, factor 0.66 at 20 C, 0.13 at 50 C",50 kN static wheel load and repeated drive-overs without cracking or debonding,At risk (debond under braking)
R7,"31 mm high, 150 mm diameter, 6 mm crown radius, yellow dome","35 mm or less, rounded edges, high visibility",Met on paper
R8,"Cells -55 to +85 C, magnetometer and module -40 to +85 C class; pulse capacitor must be an 85 C hybrid type; fully potted","IP68; -25 to +70 C road surface; salt, oil, fuel",Met by design (sealing not verifiable at TRL 3)
R9,"Magnetometer only; 12-byte payload of state, timer, confidence, voltage, temperature","No images, audio or identifiers",Met by design
R10,"park_start, park_end, scheduled_report, comms_lost and comms_restored map onto CDS Events; occupancy and dwell onto Metrics",Open API mapping onto CDS Events and Metrics,Met by design
R11,about 28 m by day at full contrast (78 mm digits); unlit at night,25 m by day and night,Not met (night)
R12,0.42 Wh/day drawn (17.7 mW) against 2.40 to 2.76 Wh/day,Within the host FieldNode allowance,Met on paper (private network only: 200 downlinks/day)
R13,"$114.00 for two pucks; sign option $97.00 plus FieldNode $126.00, outside the budget (D6)",Two-puck kit $120 or less,Met on paper
R14,"Bonded pad, no road cutting; time depends on the adhesive","15 min per puck, two-person crew",Not verifiable at TRL 3
R15,No external fasteners; bonded; removal flagged by a field and orientation step,No screws; removal reported,Met by design
